Jeff Teague,434,988,110,275,261,312,214,470,97,24,218,1239,2016,5.9,17.9,167
Walter Tavares,11,19,0,0,3,8,21,3,1,6,5,25,2016,0.2,14.4,8
Tiago Splitter,81,155,0,2,39,48,120,30,20,12,24,201,2016,1.7,13.7,71
Thabo Sefolosha,188,372,42,124,62,99,334,107,85,37,68,480,2016,4.5,12.4,109
Mike Scott,176,376,62,158,50,63,206,78,25,17,42,464,2016,3.2,14,102
Dennis Schroder,329,781,77,239,144,182,204,349,70,9,183,879,2016,2.2,15.5,138
Lamar Patterson,28,80,12,49,16,22,50,39,9,2,23,84,2016,0.2,5.1,45
Mike Muscala,76,152,12,39,31,39,117,34,13,27,27,195,2016,1.6,13.7,71
Paul Millsap,501,1066,74,232,309,408,732,265,147,139,191,1385,2016,10.1,21.3,237
Kyle Korver,268,616,158,397,45,54,260,164,60,35,98,739,2016,4.1,9.7,161
Al Horford,529,1048,88,256,103,129,596,263,68,122,107,1249,2016,9.4,19.4,163
Tim Hardaway,114,265,48,142,50,56,86,51,21,7,23,326,2016,1.9,11.7,48
Kent Bazemore,320,725,109,305,123,151,379,171,98,38,138,872,2016,4.1,13.4,176
Tyler Zeller,138,290,0,0,88,108,178,29,10,22,46,364,2016,1.7,15.4,97
James Young,11,36,6,26,1,4,26,9,6,1,5,29,2016,0.1,3.6,17
Evan Turner,343,753,20,83,148,179,397,359,80,28,169,854,2016,4,13.6,139
Isaiah Thomas,591,1382,167,465,474,544,243,509,91,9,220,1823,2016,9.7,21.5,167
Jared Sullinger,351,806,29,103,103,161,673,187,75,47,102,834,2016,4.8,16.7,209
Marcus Smart,184,529,61,241,129,166,255,185,91,18,80,558,2016,2.9,11.3,183
Terry Rozier,29,106,6,27,8,10,63,37,6,1,19,72,2016,-0.3,5,23
Kelly Olynyk,253,556,85,210,96,128,281,105,52,33,74,687,2016,4.1,16.3,163
Jordan Mickey,8,22,0,0,5,10,13,1,0,11,1,21,2016,0.1,15.3,5
Amir Johnson,249,426,10,43,69,121,505,138,52,83,94,577,2016,5.9,16,214
Jonas Jerebko,118,286,43,108,61,78,288,62,20,24,52,340,2016,2.4,10.3,137
R.J. Hunter,36,98,19,63,6,7,37,13,14,4,11,97,2016,0.3,7.7,29
Jae Crowder,360,813,122,363,196,239,373,135,126,35,83,1038,2016,7.3,15.8,198
Coty Clarke,2,4,2,2,0,0,1,0,0,0,1,6,2016,0,23.9,0
Avery Bradley,456,1019,147,407,96,123,220,158,117,19,109,1155,2016,4.8,13.2,164
Thaddeus Young,495,963,7,30,105,163,660,135,112,37,136,1102,2016,4.1,17.5,182
Donald Sloan,154,350,38,99,78,104,173,268,32,4,80,424,2016,2,13.9,73
Henry Sims,33,77,0,0,25,30,72,9,9,14,12,91,2016,0.4,13.9,37
Thomas Robinson,130,291,0,1,47,109,359,46,39,36,69,307,2016,0.6,14.5,111
Willie Reed,76,133,0,0,30,55,122,10,6,30,16,182,2016,1.2,19.2,47
Chris McCullough,44,109,13,34,11,23,68,9,28,12,15,112,2016,0.3,12.2,39
Brook Lopez,591,1157,2,14,317,403,573,147,58,124,175,1501,2016,6.2,21.7,215
Shane Larkin,222,502,39,108,83,107,180,342,95,12,146,566,2016,1.4,13.3,121
Sergey Karasev,30,74,11,37,26,28,58,35,6,2,22,97,2016,0.3,8.5,27
Jarrett Jack,140,358,31,102,100,112,136,236,34,7,94,411,2016,0.9,14.4,77
Rondae Hollis-Jefferson,63,138,4,14,37,52,154,43,39,16,26,167,2016,1.2,14.2,61
Wayne Ellington,218,561,96,268,54,63,174,83,48,5,45,586,2016,0.8,10.1,82
Markel Brown,127,322,38,121,71,94,122,91,38,15,54,363,2016,0.6,11.3,94
Bojan Bogdanovic,324,749,129,338,110,132,255,99,29,5,115,887,2016,0.9,10.7,119
Andrea Bargnani,127,279,3,16,47,57,97,18,4,9,26,304,2016,0.2,11.8,61
Tony Snell,126,339,56,155,30,33,199,63,16,17,52,338,2016,0.4,6.4,100
Derrick Rose,447,1048,44,150,142,179,225,311,44,14,175,1080,2016,0.4,13.4,84
Bobby Portis,186,436,16,52,48,66,337,52,25,22,54,436,2016,1.5,13.8,100
Joakim Noah,51,133,0,1,22,45,255,110,18,29,52,124,2016,1.1,14.1,77
E'Twaun Moore,187,389,47,104,22,35,133,99,37,18,53,443,2016,1.8,11.4,103
Nikola Mirotic,248,609,135,346,146,181,362,100,58,46,102,777,2016,3.9,15.6,151
Doug McDermott,291,644,110,259,72,84,195,59,14,6,53,764,2016,2.8,10.9,127
Taj Gibson,263,501,0,3,101,146,504,106,47,77,78,627,2016,5.3,15.6,180
Pau Gasol,467,995,24,69,229,289,793,294,42,146,164,1187,2016,7.1,21.7,148
Cristiano Felicio,40,72,0,4,25,35,102,26,6,13,13,105,2016,1.2,17.6,31
Mike Dunleavy,77,188,39,99,29,37,83,39,14,10,26,222,2016,0.9,9.1,66
Jimmy Butler,470,1034,64,206,395,475,358,321,110,43,132,1399,2016,9.1,21.3,124
Aaron Brooks,188,469,66,185,49,64,101,180,30,10,82,491,2016,0.9,11.8,132
Cameron Bairstow,13,40,1,5,7,8,28,6,2,3,4,34,2016,0,6.8,19
Cody Zeller,231,437,1,10,175,232,455,71,57,63,68,638,2016,6.3,16.1,204
Marvin Williams,338,747,152,378,120,144,521,110,58,77,62,948,2016,7.8,16.8,133
Kemba Walker,568,1331,182,490,371,438,357,421,127,39,171,1689,2016,9.9,20.8,111
Jeremy Lin,300,728,76,226,238,292,253,235,58,42,150,914,2016,3.5,13.8,165
Jeremy Lamb,230,510,56,181,64,88,252,77,42,30,50,580,2016,2.7,15.9,105
Michael Kidd-Gilchrist,33,61,3,7,20,29,45,9,3,3,8,89,2016,0.6,16.9,9
Frank Kaminsky,215,525,68,202,108,148,335,98,38,43,59,606,2016,3.3,12.4,126
Al Jefferson,245,505,0,0,72,111,301,70,30,41,34,562,2016,2.8,18.2,117
Spencer Hawes,124,306,38,102,54,65,244,109,22,27,58,340,2016,1.9,12.4,111
Aaron Harrison,5,19,3,10,5,12,15,2,6,0,4,18,2016,0,4.3,10
Tyler Hansbrough,32,71,2,3,38,65,89,8,12,7,12,104,2016,1,12.5,55
Jorge Gutierrez,6,11,0,2,10,11,7,17,3,0,6,22,2016,0.3,19.1,3
Troy Daniels,89,187,59,122,5,9,57,21,11,3,24,242,2016,1.1,14.9,40
Nicolas Batum,372,873,139,399,163,192,428,403,65,43,205,1046,2016,5,15.6,114
Mo Williams,132,302,36,102,38,42,72,98,14,5,57,338,2016,1.1,12.4,60
Tristan Thompson,247,420,0,0,149,242,738,62,38,51,61,643,2016,8.7,15.9,202
J.R. Smith,353,850,204,510,45,71,217,130,81,21,59,955,2016,5.5,12.4,204
Iman Shumpert,114,305,43,146,40,51,203,92,54,19,57,311,2016,1.7,8.4,119
Timofey Mozgov,203,359,1,7,68,95,337,33,22,57,71,475,2016,3.7,14.6,159
Kevin Love,409,977,158,439,258,314,762,186,58,41,142,1234,2016,8.5,19,159
Sasha Kaun,9,17,0,0,4,9,26,3,4,5,7,22,2016,0.2,12.3,11
James Jones,58,142,41,104,21,26,50,14,11,10,13,178,2016,1.2,11.6,50
Dahntay Jones,6,14,1,2,0,0,5,2,1,2,0,13,2016,0.1,10.3,6
Richard Jefferson,143,312,66,173,58,87,128,59,33,14,43,410,2016,2.7,9.7,129
LeBron James,737,1416,87,282,359,491,565,514,104,49,249,1920,2016,13.6,27.5,143
Kyrie Irving,394,879,84,261,169,191,157,249,56,18,124,1041,2016,5,19.9,107
Joe Harris,1,4,1,4,0,0,3,2,0,0,1,3,2016,0,3.4,1
Matthew Dellavedova,207,511,98,239,57,66,162,337,44,9,116,569,2016,3.8,11.3,178
Deron Williams,321,775,97,282,179,206,190,378,61,14,150,918,2016,3.7,14.6,155
Charlie Villanueva,125,327,47,172,22,24,152,24,18,15,31,319,2016,0.2,11.9,71
Dwight Powell,146,296,2,16,105,142,273,44,36,24,40,399,2016,3.1,16.8,118
Chandler Parsons,320,651,104,250,93,136,285,169,46,21,95,837,2016,4.3,16.2,114
Zaza Pachulia,219,470,0,3,212,276,718,128,64,22,119,650,2016,6,16.2,181
Dirk Nowitzki,498,1112,126,342,250,280,489,132,52,52,84,1372,2016,6.8,19,161
Salah Mejri,49,78,0,1,27,46,123,10,8,36,23,125,2016,1.3,16.8,54
JaVale McGee,77,134,0,1,18,36,133,3,5,26,21,172,2016,1.1,19.9,49
Wesley Matthews,331,854,189,525,126,146,238,151,78,17,78,977,2016,3.7,10.9,179
Devin Harris,167,374,52,158,101,140,138,118,60,13,66,487,2016,2.5,13.1,124
Raymond Felton,277,682,60,213,149,176,258,284,68,15,121,763,2016,2.7,11.9,141
Jeremy Evans,26,48,4,16,15,21,54,2,6,9,7,71,2016,0.6,12.6,19
J.J. Barea,317,711,100,260,74,96,152,302,26,2,113,808,2016,2.8,15.4,110
Justin Anderson,71,175,22,83,44,55,132,29,19,25,24,208,2016,1.1,12.3,45
Axel Toupane,25,70,13,40,13,17,31,15,7,6,6,76,2016,0.3,7.1,40
Kostas Papanikolaou,24,66,10,32,9,14,40,16,13,5,21,67,2016,-0.1,6,24
Jusuf Nurkic,101,242,0,3,61,99,175,40,24,44,55,263,2016,0.4,15.9,91
Jameer Nelson,113,307,43,144,30,35,115,190,25,5,66,299,2016,0.5,9.5,100
Emmanuel Mudiay,329,905,74,232,140,209,232,372,65,35,217,872,2016,-2.1,9.9,141
Mike Miller,22,62,19,52,0,0,53,40,13,4,17,63,2016,0.3,6.5,53
Joffrey Lauvergne,195,380,13,53,62,69,290,56,13,15,54,465,2016,2.3,15.7,115
Nikola Jokic,307,600,28,84,154,190,560,189,79,50,104,796,2016,6.7,21.5,208
Gary Harris,359,765,105,297,109,133,220,147,97,18,98,932,2016,4,12.7,143
Danilo Gallinari,287,700,87,239,375,432,281,135,42,19,77,1036,2016,6.3,19,87
Kenneth Faried,349,626,1,2,136,222,581,79,32,60,91,835,2016,5.5,21,169
Will Barton,425,983,112,325,216,268,476,203,71,39,139,1178,2016,4.3,16,147
Darrell Arthur,221,489,45,117,40,53,293,96,53,48,66,527,2016,2.3,12.5,185
Anthony Tolliver,128,332,98,272,29,47,229,52,26,16,28,383,2016,2.8,10.2,86
Marcus Morris,410,945,108,298,203,271,404,201,67,23,140,1131,2016,5.4,12.7,170
Jodie Meeks,7,20,4,9,4,4,5,3,0,0,1,22,2016,0.1,13.5,2
Stanley Johnson,225,600,63,205,80,102,306,118,55,12,114,593,2016,0.6,8.7,178
Reggie Jackson,540,1244,118,334,291,337,253,492,59,11,223,1489,2016,6.9,19.6,187
Darrun Hilliard,52,131,19,50,29,40,45,27,9,1,19,152,2016,0.5,10.7,28
Justin Harper,4,10,4,9,1,2,1,0,1,0,2,13,2016,0,6.9,3
Andre Drummond,552,1060,2,6,208,586,1198,67,119,112,155,1314,2016,7.4,21.3,245
Spencer Dinwiddie,19,54,1,10,19,33,17,22,3,0,7,58,2016,0.1,8.9,20
Kentavious Caldwell-Pope,403,960,114,369,185,228,282,138,110,17,105,1105,2016,5.3,12.4,167
Reggie Bullock,43,98,22,53,14,15,68,27,10,2,8,122,2016,1.2,12,29
Steve Blake,93,240,52,151,16,20,89,200,24,5,81,254,2016,1.1,9.8,70
Aron Baynes,194,384,0,2,126,165,384,51,21,52,67,514,2016,4.1,17.8,151
Joel Anthony,6,10,0,0,6,8,21,1,2,12,2,18,2016,0.4,14.1,15
Klay Thompson,651,1386,276,650,193,221,306,166,60,49,138,1771,2016,8,18.6,152
Marreese Speights,197,456,24,62,94,114,239,61,19,34,66,512,2016,1.8,17.1,117
Brandon Rush,111,260,65,157,18,28,181,57,20,23,33,305,2016,2,10.1,57
James Michael McAdoo,45,84,1,2,26,49,58,17,10,8,16,117,2016,0.8,15.9,39
Kevon Looney,4,7,1,2,0,0,10,0,0,0,1,9,2016,0.1,18.6,2
Shaun Livingston,203,379,2,12,80,93,169,237,57,27,78,488,2016,4.6,13.8,140
Andre Iguodala,176,368,54,154,51,83,263,219,73,19,79,457,2016,4.4,12.2,102
Draymond Green,401,819,100,258,229,329,769,598,120,113,259,1131,2016,11.1,19.3,240
Festus Ezeli,125,228,0,0,70,132,257,32,18,50,38,320,2016,2.7,17.7,94
Stephen Curry,805,1598,402,886,363,400,430,527,169,15,262,2375,2016,17.9,31.5,161
Ian Clark,89,202,30,84,28,34,68,64,17,13,43,236,2016,0.9,11.5,58
Andrew Bogut,175,279,1,1,24,50,492,162,32,114,83,375,2016,5.4,15.8,221
Harrison Barnes,295,633,82,214,102,134,325,117,41,10,57,774,2016,4.9,12.3,136
Leandro Barbosa,171,370,39,110,52,62,117,82,44,10,53,433,2016,2.1,11.7,107
Jason Terry,151,376,93,261,27,33,79,103,47,9,49,422,2016,1.5,10.2,91
Donatas Motiejunas,90,205,16,57,34,53,109,41,17,5,44,230,2016,0.3,11.3,69
K.J. McDaniels,29,72,7,25,24,30,42,10,7,6,17,89,2016,0.2,10.6,30
Terrence Jones,166,367,25,79,77,116,211,41,23,39,49,434,2016,1.5,13.5,86
Dwight Howard,372,600,0,6,232,474,835,98,69,113,166,976,2016,6.6,18.9,219
Chuck Hayes,1,2,0,0,2,2,8,2,0,0,3,4,2016,0,1.6,6
Montrezl Harrell,58,90,0,1,24,46,65,17,11,11,17,140,2016,0.9,14.6,48
James Harden,710,1617,236,657,720,837,501,612,139,51,374,2376,2016,13.3,25.3,229
Andrew Goudelock,9,20,1,9,3,4,2,4,6,2,7,22,2016,0,12.4,4
Sam Dekker,0,0,0,0,0,0,1,0,1,0,0,0,2016,0,10.8,0
Clint Capela,231,397,0,1,80,211,494,47,59,92,60,542,2016,4.4,18.3,190
Corey Brewer,212,552,61,224,105,140,199,109,84,19,78,590,2016,1.2,9.9,168
Patrick Beverley,258,594,124,310,60,88,250,239,94,26,91,700,2016,4.4,13,234
Michael Beasley,107,205,3,9,38,49,98,16,11,9,24,255,2016,1,22.5,39
Trevor Ariza,357,859,185,499,126,161,366,188,160,26,113,1025,2016,5.4,12.9,177
Joseph Young,62,169,10,46,20,25,50,65,15,0,33,154,2016,-0.1,9.9,30
Shayne Whittington,5,11,0,2,1,2,12,3,1,1,5,11,2016,0,7.4,7
Myles Turner,264,530,3,14,88,121,332,41,25,86,67,619,2016,3.1,15.4,158
Rodney Stuckey,183,443,20,83,131,158,156,142,43,8,76,517,2016,2,12.6,77
Glenn Robinson III,65,151,14,37,27,39,68,26,17,9,18,171,2016,0.8,11.4,21
C.J. Miles,259,634,142,387,93,124,175,63,53,29,70,753,2016,3.1,14,142
Ian Mahinmi,264,448,0,0,132,225,507,104,65,75,100,660,2016,6.2,16.6,220
Solomon Hill,93,208,24,74,36,42,166,57,37,11,33,246,2016,2.1,12.2,68
Jordan Hill,278,549,0,1,89,125,451,87,36,37,92,645,2016,3.9,16.4,155
George Hill,326,740,128,315,114,150,298,259,83,17,101,894,2016,6.2,13.2,149
Paul George,605,1448,210,565,454,528,563,329,152,29,265,1874,2016,9.2,20.9,230
Monta Ellis,436,1021,87,282,162,206,271,383,150,37,203,1121,2016,4.3,13.7,174
Rakeem Christmas,2,2,0,0,0,0,1,0,0,0,0,4,2016,0,32,1
Lavoy Allen,191,370,0,0,46,73,424,76,26,42,69,428,2016,3.7,12.4,147
C.J. Wilcox,26,66,9,23,9,12,12,10,10,2,2,70,2016,0.3,12.9,15
Austin Rivers,226,516,62,185,79,116,130,99,48,9,61,593,2016,1.9,11.1,137
J.J. Redick,422,880,200,421,182,205,139,106,42,5,78,1226,2016,6.7,17.5,135
Pablo Prigioni,55,147,28,95,7,8,114,130,53,1,49,145,2016,1.5,10.2,82
Paul Pierce,144,397,75,242,54,66,186,71,33,17,58,417,2016,0.9,8.2,129
Chris Paul,515,1114,122,329,294,328,310,738,152,13,194,1446,2016,12.7,26.2,185
Luc Mbah a Moute,94,207,13,40,30,57,171,30,44,19,34,231,2016,1.6,7.3,100
DeAndre Jordan,357,508,0,1,266,619,1059,90,51,177,107,980,2016,11.5,20.6,207
Wesley Johnson,208,515,103,309,30,46,248,49,89,56,54,549,2016,2.6,11,173
Blake Griffin,301,603,6,18,141,194,294,170,28,17,83,749,2016,3.8,22.1,95
Branden Dawson,2,5,0,0,1,1,4,0,0,1,0,5,2016,0,7.1,2
Jamal Crawford,379,939,117,344,245,271,145,183,52,12,113,1120,2016,3.3,14,122
Jeff Ayres,12,23,0,1,6,6,22,5,0,3,6,30,2016,0.2,8.3,18
Cole Aldrich,134,225,0,0,60,84,288,50,47,68,64,328,2016,3.5,21.3,139
Nick Young,126,372,77,237,63,76,97,34,23,7,30,392,2016,0.1,9.1,50
Metta World Peace,55,177,26,84,40,57,89,27,22,11,15,176,2016,0.1,8.3,67
Lou Williams,283,693,110,320,352,424,169,167,62,19,107,1028,2016,4.7,17.7,107
Robert Sacre,31,75,0,0,25,38,72,14,4,10,12,87,2016,0.3,10.4,43
D'Angelo Russell,392,956,130,370,140,190,274,266,93,13,196,1054,2016,0,13.2,142
Julius Randle,358,835,10,36,193,270,829,144,53,29,149,919,2016,1.6,13.9,242
Larry Nance Jr.,158,300,1,10,32,47,312,44,54,23,41,349,2016,2.2,13.4,124
Ryan Kelly,55,149,5,37,37,54,121,20,13,10,18,152,2016,0.1,10.3,39
Marcelo Huertas,97,230,16,61,27,29,90,182,26,7,80,237,2016,-0.1,10.4,76
Roy Hibbert,182,411,0,2,117,145,398,95,32,110,76,481,2016,2.2,11.2,252
Jordan Clarkson,475,1098,111,320,164,204,313,192,88,7,135,1225,2016,2.1,14.3,168
Kobe Bryant,398,1113,133,467,232,281,247,184,62,13,129,1161,2016,-0.4,14.9,115
Anthony Brown,39,126,20,70,17,20,70,19,14,5,15,115,2016,-0.3,4.9,34
Tarik Black,57,104,0,0,19,45,157,16,14,18,22,133,2016,0.7,12.3,78
Brandon Bass,174,317,0,2,125,148,285,74,33,55,42,473,2016,4.1,17.4,125
Brandan Wright,35,52,0,0,13,24,43,6,5,15,10,83,2016,0.7,18.3,21
Elliot Williams,2,10,1,4,3,4,4,4,0,0,1,8,2016,0,3.3,2
Russ Smith,7,22,1,5,8,13,9,11,5,1,7,23,2016,-0.1,10.5,5
Zach Randolph,431,907,6,26,172,216,529,142,43,13,105,1040,2016,4.3,18.3,146
Xavier Munford,32,77,9,23,7,14,31,22,13,3,15,80,2016,0.1,9.9,25
Jarell Martin,54,116,0,2,45,62,86,15,8,7,19,153,2016,0.8,14,58
JaMychal Green,230,495,15,45,103,137,373,67,46,33,83,578,2016,2.6,14.6,189
Marc Gasol,328,707,2,3,203,245,362,196,50,70,118,861,2016,3.7,17.7,141
Jordan Farmar,42,100,16,45,10,10,25,37,15,2,18,110,2016,0.4,13.2,22
Mike Conley,294,696,78,215,191,229,164,342,67,16,84,857,2016,5.3,19.4,100
Vince Carter,133,343,59,169,70,84,146,56,38,16,35,395,2016,1.8,12.7,101
Matt Barnes,264,693,119,370,111,138,420,163,78,57,121,758,2016,2.6,11.7,234
Tony Allen,215,469,15,42,90,138,296,70,110,18,78,535,2016,2.4,12.9,175
Jordan Adams,2,6,0,1,3,5,2,3,3,0,2,7,2016,0,17.3,2
Justise Winslow,195,462,32,116,80,117,403,117,68,26,95,502,2016,2.5,8.4,184
Hassan Whiteside,413,682,0,0,214,329,865,30,44,269,137,1040,2016,10.3,25.7,201
Dwyane Wade,540,1183,7,44,322,406,302,344,79,42,203,1409,2016,4.9,20.3,116
Amar'e Stoudemire,125,221,0,0,50,67,222,27,18,41,47,300,2016,2.4,17.3,92
Josh Richardson,123,272,53,115,42,63,107,73,36,25,35,341,2016,2.5,11.4,107
Josh McRoberts,55,148,12,49,28,40,105,81,18,7,30,150,2016,0.8,9.9,68
Tyler Johnson,118,242,27,70,51,64,109,79,24,14,47,314,2016,2.1,13.8,66
Udonis Haslem,23,61,1,9,12,16,75,14,5,2,5,59,2016,0.4,9.1,25
Gerald Green,230,587,84,260,72,92,163,56,38,19,46,616,2016,1.7,10.1,123
Goran Dragic,417,875,64,205,120,165,277,419,71,17,185,1018,2016,4.7,15.5,188
Luol Deng,339,746,88,257,145,192,443,140,74,29,81,911,2016,6.4,15,122
Chris Bosh,358,767,81,222,213,268,390,128,36,34,78,1010,2016,6.4,20.2,101
Rashad Vaughn,81,266,43,147,12,15,88,39,29,16,28,217,2016,-0.8,4.2,73
Greivis Vasquez,45,138,18,73,22,26,47,91,10,0,40,130,2016,-0.3,7.4,42
Miles Plumlee,140,233,0,0,34,59,232,16,21,50,40,314,2016,2.2,17.4,73
Jabari Parker,443,899,9,35,175,228,395,130,69,29,116,1070,2016,3.6,14.8,154
Johnny O'Bryant,86,209,1,1,27,40,176,32,18,8,31,200,2016,0.3,7.4,100
Greg Monroe,491,941,0,1,228,308,696,178,72,67,129,1210,2016,7.5,21.8,163
Khris Middleton,507,1142,143,361,277,312,302,331,131,19,180,1434,2016,6.1,16.8,204
O.J. Mayo,119,321,52,162,31,40,105,118,48,8,72,321,2016,-0.1,7.7,126
Damien Inglis,13,37,3,13,7,8,31,10,6,3,11,36,2016,-0.1,6.7,11
John Henson,164,291,0,1,69,117,221,54,18,109,64,397,2016,2.3,18.6,131
Tyler Ennis,84,187,13,39,25,34,75,95,25,1,46,206,2016,0.4,10.7,64
Chris Copeland,17,51,10,36,6,7,10,11,2,0,6,50,2016,-0.1,5.4,17
Michael Carter-Williams,251,555,15,55,106,162,276,281,80,41,153,623,2016,1.2,13.9,162
Jerryd Bayless,185,437,101,231,70,90,141,163,47,11,73,541,2016,2.4,12.4,111
Giannis Antetokounmpo,513,1013,28,109,296,409,612,345,94,113,208,1350,2016,7.1,18.8,258
Andrew Wiggins,594,1294,57,190,430,565,293,164,78,46,182,1675,2016,4.1,16.5,165
Karl-Anthony Towns,625,1152,30,88,223,275,855,161,58,138,183,1503,2016,8.3,22.5,245
Greg Smith,18,32,0,0,7,17,42,6,4,1,7,43,2016,0.2,7.9,28
Damjan Rudez,25,62,17,50,8,8,20,11,3,1,13,75,2016,0.1,5.5,33
Ricky Rubio,219,586,62,190,266,314,326,658,162,10,193,766,2016,5.8,17.6,201
Tayshaun Prince,102,229,4,23,13,19,147,73,36,13,27,221,2016,0.4,6.3,62
Nikola Pekovic,19,50,0,0,16,20,21,11,1,0,9,54,2016,-0.1,6.5,22
Adreian Payne,53,146,9,32,17,26,112,29,16,11,36,132,2016,-0.5,5.6,77
Shabazz Muhammad,317,681,44,152,185,242,267,52,24,7,70,863,2016,2.7,15.2,94
Zach LaVine,433,959,123,316,161,203,228,251,69,17,155,1150,2016,2.6,14.3,193
Tyus Jones,56,156,16,53,28,39,47,108,31,3,33,156,2016,0.3,11.2,33
Kevin Garnett,54,115,0,1,14,21,150,62,28,10,16,122,2016,1.1,12.3,70
Gorgui Dieng,308,579,6,20,205,248,585,143,94,96,140,827,2016,5.9,17.1,219
Nemanja Bjelica,110,235,48,125,40,55,210,83,26,21,47,308,2016,1.9,11.2,154
Nate Robinson,0,1,0,1,0,0,0,4,1,0,0,0,2016,0,2.6,5
Kendrick Perkins,40,75,0,0,11,25,128,31,11,11,41,91,2016,-0.1,6,64
Jrue Holiday,410,935,87,259,182,216,195,391,88,22,167,1089,2016,3.4,19.7,148
Jordan Hamilton,49,116,13,45,14,21,62,25,8,3,17,125,2016,0.2,12.4,24
Eric Gordon,231,552,113,294,111,125,99,121,43,14,73,686,2016,2.1,13.5,98
Alonzo Gee,132,255,17,60,44,66,245,72,63,13,55,325,2016,1.9,8.4,169
Tyreke Evans,136,314,33,85,74,93,129,164,32,8,73,379,2016,1.4,17.9,66
Toney Douglas,183,445,81,203,84,99,143,157,70,5,64,531,2016,2.5,14.7,131
Bryce Dejean-Jones,28,69,12,32,11,21,48,15,10,2,11,79,2016,0.2,9.6,17
Anthony Davis,560,1136,35,108,326,430,627,116,78,125,121,1481,2016,7.2,25,148
Dante Cunningham,186,412,55,174,57,82,236,77,42,33,41,484,2016,2.1,8.6,173
Norris Cole,196,484,33,102,52,65,151,167,37,5,75,477,2016,-0.1,10.8,102
Luke Babbitt,122,289,44,109,39,50,148,53,11,7,23,327,2016,1.1,11.6,90
Omer Asik,104,195,0,0,61,112,414,26,21,23,60,269,2016,1.7,11,124
Ryan Anderson,397,929,131,358,199,228,396,73,38,25,90,1124,2016,3.9,17.2,109
Alexis Ajinca,150,315,0,1,52,62,269,31,19,36,54,352,2016,1,13.8,134
Derrick Williams,254,565,44,150,194,256,296,75,29,9,61,746,2016,3.6,17.2,69
Sasha Vujacic,106,277,52,143,32,39,149,84,34,5,44,296,2016,1.1,11.1,83
Lance Thomas,169,382,44,109,102,119,131,53,22,7,57,484,2016,1.7,10.4,109
Kevin Seraphin,84,205,0,2,19,23,126,47,8,36,43,187,2016,-0.2,10.8,67
Kristaps Porzingis,373,886,81,243,201,240,526,93,53,134,121,1028,2016,4.3,17.7,205
Kyle O'Quinn,129,271,5,22,46,60,250,72,20,49,61,309,2016,1.6,17.5,107
Robin Lopez,357,662,0,1,128,161,602,114,16,129,133,842,2016,5.8,17.6,182
Jerian Grant,154,391,22,100,96,123,143,177,50,10,87,426,2016,0.8,11.2,97
Langston Galloway,231,588,77,224,86,114,288,207,77,22,61,625,2016,3.3,11.7,177
Cleanthony Early,12,40,4,15,3,4,26,6,2,3,9,31,2016,-0.2,2.2,16
Jose Calderon,209,455,84,203,42,48,229,299,63,7,87,544,2016,4,12.3,135
Carmelo Anthony,567,1307,105,310,334,403,556,299,62,38,176,1573,2016,6.4,20.3,180
Thanasis Antetokounmpo,3,4,0,1,0,0,1,0,0,0,0,6,2016,0,32.9,2
Lou Amundson,19,53,0,0,14,27,49,12,6,7,15,52,2016,-0.1,6.7,44
Arron Afflalo,354,799,91,238,110,131,266,144,25,10,82,909,2016,2.7,10.9,142
Russell Westbrook,656,1444,101,341,465,573,626,834,163,20,342,1878,2016,14,27.6,200
Dion Waiters,282,706,86,241,112,157,202,154,81,15,120,762,2016,2.1,9.4,143
Kyle Singler,86,221,30,97,29,44,141,24,30,9,32,231,2016,1.1,6.6,120
Andre Roberson,136,274,32,103,33,54,251,47,53,42,35,337,2016,3.4,10.2,133
Cameron Payne,114,278,36,111,19,24,85,108,36,6,44,283,2016,1.4,12.9,80
Anthony Morrow,136,333,79,204,29,39,62,24,22,5,17,380,2016,1.9,10.7,64
Nazr Mohammed,3,5,0,0,2,2,4,0,0,0,3,8,2016,0,6,4
Mitch McGary,11,23,0,4,4,10,18,3,1,2,7,26,2016,0,7.4,10
Enes Kanter,414,719,10,21,200,251,664,33,26,33,115,1038,2016,8.1,24,166
Serge Ibaka,416,869,60,184,91,121,533,66,38,148,108,983,2016,5.5,13.9,211
Josh Huestis,5,12,4,6,0,4,10,0,1,2,3,14,2016,0,6.7,3
Kevin Durant,698,1381,186,480,447,498,589,361,69,85,250,2029,2016,14.5,28.2,137
Nick Collison,50,109,0,2,23,33,171,52,15,16,50,123,2016,0.8,7.7,107
Steven Adams,261,426,0,0,114,196,533,62,42,89,84,636,2016,6.5,15.5,223
C.J. Watson,47,137,14,48,34,39,66,88,19,5,25,142,2016,0.6,8.6,49
Nikola Vucevic,533,1046,2,9,113,150,575,179,53,70,123,1181,2016,5.2,21,173
Jason Smith,244,503,4,16,54,67,219,62,33,65,57,546,2016,1.8,14.6,163
Elfrid Payton,318,730,30,92,112,190,261,468,89,20,177,778,2016,2.2,13.9,159
Victor Oladipo,425,970,98,282,205,247,345,282,116,54,153,1153,2016,4.9,16.7,174
Andrew Nicholson,146,310,41,114,51,65,201,25,10,22,41,384,2016,1.6,14.8,69
Shabazz Napier,68,201,34,104,33,45,55,97,23,1,46,203,2016,0.1,9.6,38
Devyn Marble,21,71,8,32,10,24,38,12,13,1,7,60,2016,-0.1,5.2,25
Mario Hezonja,181,418,67,192,49,54,176,109,39,17,97,478,2016,0.9,9.4,124
Aaron Gordon,274,579,42,142,129,193,507,128,59,55,66,719,2016,5.4,17,153
Evan Fournier,429,929,156,390,199,238,225,213,96,2,133,1213,2016,5.7,14.6,214
Dewayne Dedmon,99,177,0,0,57,76,228,13,22,46,32,255,2016,2.4,17,109
Keith Appling,2,8,0,3,2,2,1,1,1,0,3,6,2016,-0.1,-4.8,5
Tony Wroten,22,65,3,17,20,37,21,20,3,0,29,67,2016,-0.8,1.8,11
Christian Wood,22,53,4,11,13,21,38,3,5,7,2,61,2016,0.3,16.4,11
Hollis Thompson,270,680,149,392,69,96,272,99,36,24,76,758,2016,1.2,9.2,187
Nik Stauskas,210,545,106,325,91,118,183,138,44,20,94,617,2016,0.5,9.2,115
Jahlil Okafor,397,781,1,6,133,194,373,65,22,61,124,928,2016,1.2,17.1,140
Nerlens Noel,306,587,1,2,134,227,542,122,118,100,158,747,2016,3,16.2,192
T.J. McConnell,218,464,31,89,26,41,250,367,95,10,140,493,2016,1.9,14.5,114
Kendall Marshall,43,118,16,49,9,13,28,73,16,2,43,111,2016,-0.5,6.7,30
Carl Landry,139,250,6,13,67,91,146,32,12,9,22,351,2016,2.1,22.4,69
Richaun Holmes,114,222,8,44,51,74,135,33,19,40,32,287,2016,1.5,15.9,92
Jerami Grant,251,599,35,146,212,322,361,135,54,127,110,749,2016,2.1,12.6,215
Robert Covington,274,712,170,482,140,177,419,97,105,40,143,858,2016,2,13.2,232
Isaiah Canaan,260,722,176,485,150,180,174,137,56,12,91,846,2016,1.4,11.1,133
Elton Brand,31,72,0,1,8,9,63,18,9,8,11,70,2016,0.2,11.4,32
Alan Williams,10,24,0,0,9,14,38,5,4,5,6,29,2016,0.2,21.1,15
T.J. Warren,221,441,28,70,45,64,147,44,37,16,32,515,2016,2.2,15.7,94
P.J. Tucker,239,582,68,206,106,142,512,177,106,20,111,652,2016,3.5,10.8,202
Mirza Teletovic,332,777,181,460,120,155,302,89,32,21,84,965,2016,3.8,16.2,159
Ronnie Price,116,302,68,196,31,41,99,147,74,13,70,331,2016,1.4,9.6,161
Jon Leuer,224,466,42,110,77,101,373,72,38,30,75,567,2016,2.7,16.2,125
Alex Len,264,624,1,7,174,239,594,97,38,62,145,703,2016,1.3,12.4,230
Brandon Knight,371,895,120,351,156,183,202,263,61,20,177,1018,2016,1.7,14.7,124
Cory Jefferson,9,22,0,1,4,6,16,0,0,1,0,22,2016,0.1,12.7,8
Archie Goodwin,176,421,23,98,130,193,142,118,27,13,100,505,2016,0.1,11.1,84
Tyson Chandler,183,314,0,1,106,171,576,64,36,44,93,472,2016,3.8,14.7,145
Lorenzo Brown,8,25,1,8,3,4,7,11,3,1,9,20,2016,-0.2,4.4,4
Devin Booker,367,867,99,289,215,256,187,200,44,20,160,1048,2016,1.9,11.9,225
Eric Bledsoe,223,492,48,129,138,172,125,190,63,19,110,632,2016,2.5,20,75
Noah Vonleh,117,278,11,46,38,51,305,30,27,26,50,283,2016,1.2,8.6,152
Mason Plumlee,267,517,0,4,215,335,628,226,68,85,154,749,2016,6.1,17.2,253
Luis Montero,5,19,1,9,3,4,4,1,0,0,4,14,2016,-0.2,-2.7,1
C.J. McCollum,641,1431,197,472,187,226,259,341,97,23,196,1666,2016,6,17.7,187
Damian Lillard,618,1474,229,610,414,464,302,512,65,28,242,1879,2016,9.2,22.2,165
Meyers Leonard,195,435,86,228,35,46,314,92,8,18,77,511,2016,2.2,11.3,183
Chris Kaman,20,43,1,4,3,3,24,11,1,1,8,44,2016,0.1,11.1,15
Gerald Henderson,232,529,48,136,112,146,211,75,39,19,68,624,2016,2,12.9,87
Maurice Harkless,195,411,39,140,69,111,280,67,49,35,62,498,2016,2.9,13.3,124
Ed Davis,206,337,0,0,114,204,599,88,57,72,64,526,2016,6.7,18.7,202
Allen Crabbe,311,678,112,285,98,113,216,99,63,16,64,832,2016,4.3,12.2,192
Pat Connaughton,13,49,5,21,5,5,32,10,2,0,10,36,2016,-0.2,4.6,6
Al-Farouq Aminu,299,719,126,349,115,156,499,138,72,53,120,839,2016,4,12.7,171
Cliff Alexander,5,10,0,0,0,0,6,0,1,2,1,10,2016,0,11.6,1
Rajon Rondo,355,782,62,170,87,150,435,839,141,10,278,859,2016,4.6,16.9,175
Eric Moreland,3,6,0,0,2,4,11,1,0,4,3,8,2016,0,7.4,4
Ben McLemore,195,455,67,185,74,103,148,79,52,10,99,531,2016,0.3,8.6,140
Kosta Koufos,236,444,0,0,57,104,423,33,40,70,48,529,2016,3.5,15.1,185
Rudy Gay,466,1007,74,215,198,254,456,120,100,51,139,1204,2016,3.8,15.5,184
Duje Dukan,2,10,2,5,0,0,4,1,1,0,0,6,2016,0,4.2,2
Seth Curry,102,224,50,111,45,54,60,67,22,3,36,299,2016,1.4,13.8,41
DeMarcus Cousins,601,1332,70,210,476,663,747,214,101,92,249,1748,2016,5.7,23.6,236
Darren Collison,377,776,87,217,194,226,169,318,76,4,130,1035,2016,5.2,15.9,142
Willie Cauley-Stein,191,339,0,2,81,125,352,37,48,66,46,463,2016,3.8,15.3,146
Omri Casspi,299,622,112,274,103,159,410,95,56,17,94,813,2016,3.6,13.9,154
Caron Butler,25,59,3,18,10,12,22,10,9,1,3,63,2016,0.3,11.3,19
Marco Belinelli,245,635,91,297,115,138,117,127,37,2,80,696,2016,0.5,9.4,91
James Anderson,67,178,23,86,22,29,86,41,21,14,42,179,2016,-0.3,6,54
Quincy Acy,119,214,19,49,50,68,188,27,29,24,27,307,2016,2.5,14.7,103
David West,244,448,3,7,63,80,309,143,44,55,68,554,2016,5.4,17.6,142
Jonathon Simmons,122,242,18,47,69,92,96,58,24,5,53,331,2016,2,11.9,103
Tony Parker,350,710,27,65,130,171,176,379,54,11,131,857,2016,5.8,16.2,114
Patrick Mills,260,612,123,320,47,58,158,226,59,6,76,690,2016,4.8,14.6,102
Boban Marjanovic,105,174,0,0,87,114,194,21,12,23,29,297,2016,3.4,27.7,54
Kawhi Leonard,551,1090,129,291,292,334,493,186,128,71,105,1523,2016,13.7,26,133
Danny Green,211,561,116,349,34,46,303,141,79,64,75,572,2016,4.2,10.5,141
Manu Ginobili,197,435,70,179,91,112,146,177,66,11,99,555,2016,3.8,17.8,99
Tim Duncan,215,441,0,2,92,131,447,163,47,78,90,522,2016,5.2,16.9,125
Boris Diaw,202,383,25,69,56,76,233,176,26,21,97,485,2016,3.8,14,102
Rasual Butler,49,104,15,49,11,16,56,24,13,23,8,124,2016,1.3,13.4,11
Matt Bonner,29,57,15,34,3,4,27,9,6,1,3,76,2016,0.8,14.1,16
Kyle Anderson,138,295,12,37,62,83,244,123,60,29,59,350,2016,3.5,12.9,97
LaMarcus Aldridge,536,1045,0,16,259,302,632,110,38,81,99,1331,2016,10.1,22.4,151
Delon Wright,36,80,5,13,26,35,37,31,8,3,16,103,2016,0.6,17.8,7
Jonas Valanciunas,303,536,0,0,162,213,547,42,25,80,85,768,2016,6.9,22.6,158
Luis Scola,269,598,65,161,61,84,360,66,46,27,68,664,2016,3.3,13.6,178
Terrence Ross,270,626,131,339,49,62,185,56,54,25,46,720,2016,3.6,12.9,120
Norman Powell,97,229,36,89,43,53,111,47,29,10,32,273,2016,1.6,13.3,59
Patrick Patterson,204,493,106,293,29,34,342,94,53,32,65,543,2016,3.6,10.6,128
Lucas Nogueira,28,44,1,3,8,15,46,7,12,12,11,65,2016,0.7,15.6,29
Kyle Lowry,512,1198,212,547,398,491,365,494,158,34,225,1634,2016,11.6,22.1,211
Cory Joseph,257,585,30,110,133,174,210,250,63,20,102,677,2016,3.5,12.4,131
James Johnson,114,240,20,66,39,68,126,67,29,33,54,287,2016,1.3,11.4,84
DeMar DeRozan,614,1377,47,139,555,653,349,315,81,21,175,1830,2016,9.9,21.5,167
DeMarre Carroll,105,270,46,118,30,50,122,27,44,6,28,286,2016,1.2,11.9,63
Bruno Caboclo,1,12,1,7,0,0,2,1,2,1,4,3,2016,-0.3,-7.7,2
Bismack Biyombo,156,288,0,1,142,226,655,29,19,133,71,454,2016,5.9,14.9,225
Anthony Bennett,8,27,3,14,9,10,23,0,5,0,4,28,2016,0.1,10.4,8
Jeff Withey,87,162,0,2,43,59,173,20,21,53,28,217,2016,2.3,17.7,75
Tibor Pleiss,11,25,0,2,2,2,15,2,1,2,8,24,2016,-0.1,3.5,19
J.J. O'Brien,0,1,0,0,0,0,1,0,1,0,0,0,2016,0,1.3,1
Raul Neto,180,418,64,162,52,70,120,174,62,2,109,476,2016,1.8,10.2,122
Elijah Millsap,11,39,1,12,13,18,35,19,7,3,9,36,2016,0.1,6.5,33
Trey Lyles,191,436,49,128,57,82,299,59,26,18,65,488,2016,2.3,11.6,114
Chris Johnson,72,194,27,99,34,42,132,45,32,20,40,205,2016,1.1,8.2,100
Joe Ingles,124,291,81,210,13,18,151,96,55,4,65,342,2016,2.3,10.3,98
Rodney Hood,408,972,161,449,172,200,267,213,73,16,125,1149,2016,6,14.1,202
Gordon Hayward,521,1202,143,410,393,477,397,296,95,27,202,1578,2016,8.9,18.3,183
Rudy Gobert,198,354,0,0,161,283,668,91,45,135,114,557,2016,6.4,17.5,163
Derrick Favors,418,811,0,4,180,254,503,94,74,91,104,1016,2016,7.1,21.6,150
Alec Burks,137,334,32,79,106,141,109,63,18,4,51,412,2016,1.5,14.3,71
Trey Burke,262,634,88,256,67,82,112,148,35,6,80,679,2016,2.1,14,86
Trevor Booker,190,388,12,41,71,106,452,84,59,41,81,463,2016,4.3,14.4,169
John Wall,572,1349,115,328,272,344,379,789,145,59,318,1531,2016,5.7,19.8,159
Garrett Temple,201,505,89,258,91,125,212,140,69,18,64,582,2016,2.7,9.3,195
Ramon Sessions,280,592,36,111,214,283,203,239,46,5,115,810,2016,3.8,15.9,102
Otto Porter,339,717,98,267,95,126,391,120,105,32,70,871,2016,5.6,14.5,163
Kelly Oubre,90,211,25,79,31,49,133,13,22,7,34,236,2016,0.4,8.2,100
Gary Neal,151,325,41,100,47,55,83,47,20,1,29,390,2016,1.4,13.5,55
Nene Hilario,209,384,0,3,107,185,259,97,54,26,76,525,2016,2.7,16.8,156
Marcin Gortat,433,764,0,1,146,207,741,106,47,96,121,1012,2016,7.3,19,193
Drew Gooden,33,103,7,41,9,14,85,13,8,11,13,82,2016,0,7.5,40
Jarell Eddie,20,65,15,47,8,8,23,5,5,1,1,63,2016,0.1,11,5
Jared Dudley,233,487,100,238,72,98,286,170,75,18,80,638,2016,4.6,11.7,190
DeJuan Blair,28,68,0,1,5,13,57,11,8,2,15,61,2016,-0.1,5.4,53
Bradley Beal,359,799,105,271,135,176,188,162,54,11,112,958,2016,2.7,15.5,117
Alan Anderson,21,59,12,37,11,15,27,14,4,1,2,65,2016,0.3,9.2,25
Steve Smith,494,1143,140,423,318,385,326,224,68,17,151,1446,1996,7.9,16.6,207
Ken Norman,127,273,33,84,17,48,132,63,15,16,46,304,1996,1.1,13.4,68
Howard Nathan,5,9,0,1,3,4,0,2,3,0,8,13,1996,-0.1,11.3,2
Grant Long,395,838,31,86,257,337,788,183,108,34,157,1078,1996,8.4,16.2,233
Tim Kempton,0,0,0,0,0,0,2,1,0,0,1,0,1996,0,-6.2,5
Reggie Jordan,36,71,0,0,22,38,52,29,12,7,19,94,1996,0.6,17.1,30
Alan Henderson,192,434,0,3,119,200,356,51,44,43,87,503,1996,2,12.9,217
Craig Ehlo,253,591,82,221,81,103,256,138,85,9,104,669,1996,3.3,13.7,138
Matt Bullard,66,162,26,72,16,20,60,18,17,11,24,174,1996,0.6,11.5,50
Donnie Boyce,9,23,4,8,2,4,10,3,3,1,6,24,1996,0,17.7,2
Mookie Blaylock,455,1123,231,623,127,170,332,478,212,17,188,1268,1996,9,18.9,151
Stacey Augmon,362,738,1,4,251,317,304,137,106,31,138,976,1996,5.6,15.9,188
Eric Williams,241,546,3,10,200,298,217,70,56,11,88,685,1996,1.6,13.3,147
David Wesley,338,736,116,272,217,288,264,390,100,11,159,1009,1996,6.3,18.5,207
Larry Sykes,0,0,0,0,0,0,2,0,0,0,1,0,1996,0,0,0
Doug Smith,14,39,0,0,5,8,22,4,3,0,11,33,1996,-0.2,4.2,21
Dino Radja,426,852,0,0,191,275,522,83,48,81,117,1043,1996,4,18,161
Eric Montross,196,346,0,0,50,133,352,43,19,29,83,442,1996,1.3,10.6,181
Greg Minor,320,640,7,27,99,130,257,146,36,11,78,746,1996,3,14,161
Thomas Hamilton,9,31,0,0,7,18,22,1,0,9,9,25,1996,-0.3,4.3,12
Rick Fox,421,928,99,272,196,254,450,369,113,41,216,1137,1996,5.1,16.1,290
Pervis Ellison,145,295,0,0,75,117,451,62,39,99,84,365,1996,2.6,13.1,207
Charles Claxton,1,2,0,0,0,2,2,0,0,1,1,2,1996,0,0.2,4
Junior Burrough,64,170,0,0,61,93,109,15,15,10,40,189,1996,-0.2,9,74
Dee Brown,246,616,68,220,135,158,136,146,80,12,74,695,1996,2.4,13.7,119
Dana Barros,379,806,150,368,130,147,192,306,58,3,120,1038,1996,5.6,15.6,116
George Zidek,105,248,0,0,71,93,183,16,9,7,38,281,1996,0.6,8,170
Glen Rice,610,1296,171,403,319,381,378,232,91,19,163,1710,1996,8.3,17.8,217
Robert Parish*,120,241,0,0,50,71,303,29,21,54,50,290,1996,1.7,13,80
Larry Johnson,583,1225,67,183,427,564,683,355,55,43,182,1660,1996,10.1,19.8,173
Darrin Hancock,112,214,1,3,47,73,98,47,28,5,56,272,1996,0.5,10,94
Anthony Goldwire,76,189,33,83,46,60,43,112,16,0,63,231,1996,0.3,10.4,79
Matt Geiger,357,666,3,8,149,205,649,60,46,63,137,866,1996,4.3,14.2,290
Dell Curry,441,974,164,406,146,171,264,176,108,25,130,1192,1996,5.1,16.8,173
Scott Burrell,92,206,37,98,42,56,98,47,27,13,43,263,1996,1.1,13,76
Muggsy Bogues,6,16,0,1,2,2,7,19,2,0,6,14,1996,0,10.6,4
Corey Beck,2,8,0,0,1,2,7,5,1,0,4,5,1996,-0.1,0.8,8
Rafael Addison,77,165,0,9,17,22,90,30,9,9,27,171,1996,0.2,9.6,74
Michael Adams,37,83,14,41,26,35,22,67,21,4,25,114,1996,0.8,16.1,25
Bill Wennington,169,343,1,1,37,43,174,46,21,16,37,376,1996,2.8,11,171
Dickey Simpkins,77,160,1,1,61,97,156,38,9,8,56,216,1996,1.2,10.4,78
Dennis Rodman*,146,304,3,27,56,106,952,160,36,27,138,351,1996,6.2,13.6,196
Scottie Pippen*,563,1216,150,401,220,324,496,452,133,57,207,1496,1996,12.3,21,198
Luc Longley,242,502,0,0,80,103,318,119,22,84,114,564,1996,3.5,11.9,223
Toni Kukoc,386,787,87,216,206,267,323,287,64,28,114,1065,1996,10.1,20.4,150
Steve Kerr,244,482,122,237,78,84,110,192,63,2,42,688,1996,8.3,15.2,109
Michael Jordan*,916,1850,111,260,548,657,543,352,180,42,197,2491,1996,20.4,29.4,195
Ron Harper,234,501,28,104,98,139,213,208,105,32,73,594,1996,6.3,14.4,137
Jack Haley,2,6,0,0,1,2,2,0,0,0,1,5,1996,0,1.8,2
James Edwards,41,110,0,0,16,26,40,11,1,8,21,98,1996,-0.2,3.5,61
Jason Caffey,71,162,0,1,40,68,111,24,12,7,48,182,1996,0.4,7.9,91
Jud Buechler,112,242,40,90,14,22,111,56,34,7,39,278,1996,2.3,14.1,70
Randy Brown,78,192,1,11,28,46,66,73,57,12,31,185,1996,1.5,11.2,88
Bob Sura,148,360,27,78,99,141,135,233,56,21,115,422,1996,1.6,15,126
Bobby Phills,386,826,93,211,186,240,261,271,102,27,126,1051,1996,7.1,16.8,192
Harold Miner,23,52,2,10,13,13,12,8,0,0,14,61,1996,-0.1,7.6,23
Chris Mills,454,971,79,210,218,263,443,188,73,52,121,1205,1996,7.8,15.2,241
Donny Marshall,24,68,7,30,22,35,26,7,8,2,7,77,1996,0.2,10.5,26
Dan Majerle,303,748,146,414,120,169,305,214,81,34,93,872,1996,5.5,15.1,131
Antonio Lang,41,77,0,2,34,47,53,12,14,12,24,116,1996,0.7,11.5,61
Darryl Johnson,5,12,0,1,2,2,2,1,0,0,1,12,1996,0,9.7,3
Tyrone Hill,130,254,0,0,81,135,244,33,31,20,64,341,1996,1.9,14.6,144
Danny Ferry,422,919,143,363,103,134,309,191,57,37,122,1090,1996,5.5,14.2,233
John Crotty,51,114,8,27,62,72,54,102,22,6,51,172,1996,1.3,13,60
Joe Courtney,15,35,0,0,8,18,49,9,5,6,17,38,1996,0,7,35
Michael Cage,220,396,0,1,50,92,729,53,87,79,54,490,1996,8.1,14.1,215
Terrell Brandon,510,1096,91,235,338,381,248,487,132,33,142,1449,1996,12.7,25.2,146
John Amaechi,29,70,0,0,19,33,52,9,6,11,34,77,1996,-0.6,3.1,49
Lorenzo Williams,87,214,0,1,24,70,521,85,48,122,78,198,1996,1.7,9.6,226
Cherokee Parks,101,247,7,26,41,62,216,29,25,32,31,250,1996,0.9,10.9,100
Loren Meyer,145,330,3,11,70,102,319,57,20,32,67,363,1996,1.1,9.4,224
George McCloud,530,1281,257,678,180,224,379,212,113,38,166,1497,1996,5.8,15.9,212
Jamal Mashburn,145,383,35,102,97,133,97,50,14,3,55,422,1996,0.2,14.4,39
Jason Kidd,493,1293,133,396,229,331,553,783,175,26,328,1348,1996,4.3,17.8,155
Popeye Jones,327,733,14,39,102,133,737,132,54,27,109,770,1996,3.7,13.4,262
Jim Jackson,569,1308,121,333,345,418,410,235,47,22,191,1604,1996,5.4,16.6,165
Lucious Harris,183,397,47,125,68,87,122,79,35,3,46,481,1996,2.1,15.5,56
Tony Dumas,274,655,74,207,154,257,115,99,42,13,77,776,1996,1.6,15.2,128
Terry Davis,55,108,0,0,27,47,117,21,10,4,25,137,1996,0.5,10,66
Scott Brooks,134,293,25,62,59,69,41,100,42,3,43,352,1996,1.6,16.6,53
Randy Woods,6,22,5,21,2,2,6,12,6,1,5,19,1996,0.1,9.5,13
Reggie Williams,94,254,20,89,33,39,122,74,34,21,51,241,1996,0.3,8.4,137
Bryant Stith,379,911,41,148,320,379,400,241,114,16,157,1119,1996,5.2,13.9,187
Jalen Rose,290,604,32,108,191,277,260,495,53,39,234,803,1996,2.9,14.3,229
Doug Overton,67,178,8,26,40,55,63,106,13,5,40,182,1996,0.2,9.9,49
Dikembe Mutombo*,284,569,0,1,246,354,871,108,38,332,150,814,1996,7.6,17.1,258
Antonio McDyess,427,881,0,4,166,243,572,75,54,114,154,1020,1996,3.6,15.6,250
Don MacLean,233,547,14,49,145,198,205,89,21,5,68,625,1996,1.5,15.7,105
Tom Hammonds,127,268,0,0,88,115,223,23,23,13,48,342,1996,1.8,11.2,137
LaPhonso Ellis,189,432,4,22,89,148,322,74,36,33,83,471,1996,1,12.1,163
Dale Ellis,459,959,150,364,136,179,315,139,57,7,98,1204,1996,6.2,14.7,191
Rastko Cvetkovic,5,16,0,1,0,4,11,3,2,1,3,10,1996,-0.1,2.1,11
Mahmoud Abdul-Rauf,414,955,121,309,146,157,138,389,64,3,115,1095,1996,5.5,18.6,117
Mark West,61,126,0,0,28,45,133,6,6,37,35,150,1996,0.8,7.2,135
Otis Thorpe,452,853,0,4,257,362,688,158,53,39,195,1161,1996,7.6,15.7,300
Lou Roe,32,90,2,9,24,32,78,15,10,8,17,90,1996,0.4,9,42
Don Reid,106,187,0,0,51,77,203,11,47,40,41,263,1996,2.9,12.1,199
Theo Ratliff,128,230,0,1,85,120,297,13,16,116,56,341,1996,3.8,14,144
Terry Mills,283,675,82,207,121,157,352,98,42,20,98,769,1996,3.7,15.2,197
Mark Macon,29,67,7,15,9,11,22,16,15,0,9,74,1996,0.5,9.5,34
Eric Leckner,18,29,0,0,8,13,34,1,2,4,11,44,1996,0.2,8.8,30
Lindsey Hunter,239,628,117,289,84,120,194,188,84,18,80,679,1996,3.9,11.2,185
Allan Houston,564,1244,191,447,298,362,300,250,61,16,233,1617,1996,7.1,15.7,233
Grant Hill,564,1221,5,26,485,646,783,548,100,48,263,1618,1996,11.7,20.9,242
Joe Dumars*,255,598,121,298,162,197,138,265,43,3,97,793,1996,6,13.7,106
Steve Bardo,9,23,0,4,4,6,22,15,4,1,5,22,1996,0.2,8.4,17
Latrell Sprewell,515,1202,91,282,352,446,380,328,127,45,222,1473,1996,5.5,15.9,150
Joe Smith,469,1024,10,28,303,392,717,79,85,134,138,1251,1996,6.8,17.2,224
Rony Seikaly,285,568,2,3,204,282,499,71,40,69,180,776,1996,2.3,14.2,219
Clifford Rozier,79,135,0,2,26,55,171,22,19,30,40,184,1996,1.1,10.6,135
Chris Mullin*,269,539,59,150,137,160,159,194,75,32,122,734,1996,4,16.7,127
Donyell Marshall,125,314,28,94,64,83,213,49,22,31,48,342,1996,1.3,12.7,83
Jerome Kersey,205,500,3,17,97,147,363,114,91,45,75,510,1996,2.4,13.1,205
Andrew DeClercq,24,50,0,1,11,19,39,9,7,5,4,59,1996,0.4,12.1,30
Robert Churchwell,3,8,0,0,0,0,3,1,0,0,2,6,1996,-0.1,1.2,1
Jon Barry,91,185,44,93,31,37,63,85,33,11,42,257,1996,1.8,14.9,51
B.J. Armstrong,340,727,98,207,234,279,184,401,68,6,128,1012,1996,7,17.3,147
Kenny Smith,201,464,91,238,87,106,96,245,47,3,100,580,1996,2.9,12.5,116
Eldridge Recasner,149,359,81,191,57,66,144,170,23,5,61,436,1996,2.6,12.3,111
Hakeem Olajuwon*,768,1494,3,14,397,548,784,257,113,207,247,1936,1996,9.7,25.5,242
Tracy Moore,30,76,13,30,18,19,22,6,2,0,8,91,1996,0.3,12.4,16
Sam Mack,121,287,54,135,39,46,98,79,22,9,28,335,1996,1.9,13.1,75
Charles Jones,6,19,0,0,4,13,74,12,5,24,3,16,1996,0.6,8.1,44
Henry James,10,24,5,15,5,5,6,2,0,0,4,30,1996,0.1,9.9,13
Jaren Jackson,0,8,0,5,8,10,3,0,1,0,0,8,1996,0,1.5,5
Robert Horry,300,732,142,388,111,143,412,281,116,109,160,853,1996,4.9,13.7,197
Alvin Heggs,3,5,0,0,2,3,2,0,0,0,0,8,1996,0.1,20.7,0
Mario Elie,180,357,41,127,98,115,155,138,45,11,59,499,1996,3.8,14.6,93
Clyde Drexler*,331,764,78,235,265,338,373,302,105,24,134,1005,1996,6.7,20,153
Pete Chilcutt,73,179,37,98,17,26,156,26,19,14,22,200,1996,1.4,12.5,65
Sam Cassell,289,658,73,210,235,285,188,278,53,4,157,886,1996,3.9,16.8,166
Mark Bryant,242,446,0,2,127,177,351,52,31,19,85,611,1996,3.6,13.1,234
Chucky Brown,300,555,1,8,104,150,441,89,47,38,94,705,1996,4.2,13.7,163
Tim Breaux,59,161,15,46,28,45,60,24,11,8,30,161,1996,-0.2,6.2,42
Melvin Booker,16,50,3,19,9,11,9,21,5,1,12,44,1996,-0.2,6.2,18
Haywoode Workman,101,259,23,71,54,73,124,213,65,4,93,279,1996,1.4,10.2,152
Rik Smits,466,894,1,5,231,293,433,110,21,45,160,1164,1996,5,19,226
Dwayne Schintzius,49,110,0,0,13,21,78,14,9,12,19,111,1996,0.3,11.9,53
Ricky Pierce,264,590,35,104,174,205,136,101,57,6,93,737,1996,3.1,14.8,188
Reggie Miller*,504,1066,168,410,430,498,214,253,77,13,189,1606,1996,10.3,20.1,175
Derrick McKey,346,712,17,68,170,221,361,262,83,44,143,879,1996,5.7,14.2,246
Eddie Johnson,180,436,45,128,70,79,153,69,20,4,56,475,1996,1.6,13.1,104
Mark Jackson,296,626,64,149,150,191,307,635,100,5,201,806,1996,7.2,15.9,153
Fred Hoiberg,8,19,1,3,15,18,9,8,6,1,7,32,1996,0.2,14.4,12
Duane Ferrell,80,166,0,8,42,57,93,30,23,3,34,202,1996,1,10.9,83
Dale Davis,334,599,0,0,135,289,709,76,56,112,119,803,1996,6.2,14.3,238
Antonio Davis,236,482,1,2,246,345,501,43,33,66,87,719,1996,6,13.9,248
Adrian Caldwell,46,83,0,0,18,36,110,6,9,5,35,110,1996,0.3,10.4,73
Travis Best,69,163,8,25,75,90,44,97,20,3,63,221,1996,0.7,11.5,80
Loy Vaught,571,1087,7,19,149,205,808,112,87,40,158,1298,1996,6.3,16.7,241
Logan Vander Velden,3,14,0,5,3,4,6,1,0,0,0,9,1996,-0.1,1.8,4
Keith Tower,32,72,0,1,18,26,51,5,4,11,16,82,1996,0.1,7.5,50
Malik Sealy,272,655,21,100,147,184,240,116,84,28,113,712,1996,1.2,13.8,150
Rodney Rogers,306,641,49,153,113,180,286,167,75,35,144,774,1996,2.3,13.5,216
Stanley Roberts,141,304,0,0,74,133,162,41,15,39,48,356,1996,0.7,12.8,153
Pooh Richardson,281,664,94,245,78,105,158,340,77,13,95,734,1996,3.8,14.5,134
Eric Piatkowski,98,242,38,114,67,82,103,48,24,10,45,301,1996,1.2,12.2,83
Bo Outlaw,107,186,0,3,72,162,200,50,44,91,45,286,1996,2.3,15.6,127
Lamond Murray,257,575,37,116,99,132,246,84,61,25,108,650,1996,1.2,11.1,151
Bison Dele,416,766,1,6,196,267,492,122,70,55,190,1029,1996,4,17,226
Terry Dehere,315,686,139,316,247,327,143,350,54,16,191,1016,1996,5,16.7,239
Brent Barry,283,597,123,296,111,137,168,230,95,22,120,800,1996,4.9,15.9,196
Nick Van Exel,396,950,144,403,163,204,181,509,70,10,156,1099,1996,5.7,15.9,115
Sedale Threatt,241,526,60,169,54,71,95,269,68,11,74,596,1996,3.7,13.2,178
Derek Strong,72,169,1,9,69,85,178,32,18,12,20,214,1996,1.9,12.4,80
Fred Roberts,48,97,4,14,22,28,47,26,16,4,24,122,1996,0.6,14.1,24
Anthony Peeler,272,602,105,254,61,86,137,118,59,10,56,710,1996,3.7,14.1,139
Anthony Miller,15,35,0,2,6,10,25,4,4,1,8,36,1996,0,7.8,19
George Lynch,117,272,4,13,53,80,209,51,47,10,40,291,1996,1.7,11.4,106
Frankie King,3,11,0,1,1,3,2,2,2,0,2,7,1996,-0.1,0.7,4
Eddie Jones,337,685,83,227,136,184,233,246,129,45,99,893,1996,6.8,17,162
Magic Johnson*,137,294,22,58,172,201,183,220,26,13,103,468,1996,3.6,21.1,48
Vlade Divac,414,807,3,18,189,295,679,261,76,131,199,1020,1996,6.1,17.4,274
Cedric Ceballos,638,1203,51,184,329,409,536,119,94,22,167,1656,1996,9.8,22.1,144
Elden Campbell,447,888,0,5,249,349,623,181,88,212,137,1143,1996,8.2,18,300
Corie Blount,79,167,0,2,25,44,170,42,25,35,47,183,1996,0.9,10.9,109
Kurt Thomas,274,547,0,2,118,178,439,46,47,36,98,666,1996,3.8,13.5,271
Danny Schayes,32,94,0,0,37,46,89,9,11,16,23,101,1996,0.4,8.1,60
Alonzo Mourning*,563,1076,9,30,488,712,727,159,70,189,262,1623,1996,9.9,22.7,245
Voshon Lenard,53,141,36,101,34,43,52,31,6,1,23,176,1996,0.9,15.9,31
Stacey King,17,36,0,0,4,8,23,2,7,2,18,38,1996,-0.2,2,39
LeRon Ellis,5,22,0,0,3,6,8,4,2,3,3,13,1996,-0.1,1.6,11
Sasha Danilovic,83,184,34,78,55,72,46,47,15,3,37,255,1996,1.5,14.4,49
Rex Chapman,289,679,125,337,83,113,145,166,45,10,79,786,1996,4.2,13,117
Keith Askins,157,391,99,237,45,57,324,121,48,61,82,458,1996,4.4,10,271
Glenn Robinson,627,1382,90,263,316,389,504,293,95,42,282,1660,1996,3.5,15.9,236
Jerry Reynolds,21,53,1,10,13,21,33,12,15,6,16,56,1996,0,11.2,20
Shawn Respert,113,292,42,122,35,42,74,68,32,4,42,303,1996,0.5,10.8,67
Johnny Newman,321,649,61,162,186,232,200,154,90,15,108,889,1996,4.4,11.5,257
Lee Mayberry,153,364,75,189,41,68,90,302,64,10,89,422,1996,2.1,11.2,144
Randolph Keys,87,208,22,71,36,43,125,65,32,14,33,232,1996,1.2,10.8,139
Kevin Duckworth,3,14,0,0,3,6,7,2,2,0,2,9,1996,-0.1,-2.7,19
Terry Cummings,270,584,1,7,104,160,445,89,56,30,69,645,1996,3,13.9,263
Marty Conlon,153,327,5,30,84,110,177,68,20,11,79,395,1996,0.6,12.2,126
Vin Baker,699,1429,10,48,321,479,808,212,68,91,216,1729,1996,6.2,18.4,272
Micheal Williams,13,40,1,3,28,33,23,31,5,3,23,55,1996,-0.1,6.9,37
Doug West,175,393,1,13,114,144,161,119,30,17,81,465,1996,0.8,7.6,228
Charles Smith,3,10,0,3,0,2,5,6,1,0,5,6,1996,-0.2,-2.2,7
Eric Riley,35,74,0,1,22,28,76,5,8,16,17,92,1996,0.5,12,42
Isaiah Rider,560,1206,102,275,248,296,309,213,48,23,201,1470,1996,3.4,15.6,204
Terry Porter,269,608,71,226,164,209,212,452,89,15,173,773,1996,3.7,15.4,154
Sam Mitchell,303,618,1,18,237,291,339,74,49,26,87,844,1996,4.3,13,220
Tom Gugliotta,473,1004,26,86,289,374,690,238,139,96,234,1261,1996,5.3,16.9,265
Kevin Maurice Garnett,361,735,8,28,105,149,501,145,86,131,110,835,1996,4.4,15.8,189
Mark Davis,55,149,4,13,74,116,125,47,40,22,68,188,1996,-0.1,10.9,92
Marques Bragg,54,120,0,0,23,41,79,8,17,8,26,131,1996,0.1,9.8,71
Jerome Allen,36,105,10,33,26,36,25,49,21,5,34,108,1996,-0.3,7.8,42
Jayson Williams,279,660,2,7,161,272,803,47,35,57,106,721,1996,3.8,16.4,238
Robert Werdann,16,32,0,0,7,13,23,2,5,3,6,39,1996,0.2,13.6,17
Ed O'Bannon,156,400,10,56,77,108,168,63,44,11,62,399,1996,0.7,9.2,95
Rick Mahorn,43,122,0,1,34,47,110,16,14,13,30,120,1996,0.1,7.5,72
Armen Gilliam,576,1216,0,1,277,350,713,140,73,53,177,1429,1996,6.7,17.6,180
Vern Fleming,227,524,3,28,133,177,170,255,41,5,122,590,1996,1.6,11.3,115
Kevin Edwards,142,390,42,104,68,84,75,71,54,7,68,394,1996,0.5,9.8,67
Yinka Dare,63,144,0,0,38,62,181,0,8,40,72,164,1996,-0.5,6.1,117
Chris Childs,324,778,95,259,259,304,245,548,111,8,230,1002,1996,5.8,16.4,246
P.J. Brown,354,798,3,15,204,265,560,165,79,100,133,915,1996,5.3,12.6,249
Charlie Ward,87,218,33,99,37,54,102,132,54,6,79,244,1996,1,12,98
John Starks,375,846,143,396,131,174,237,315,103,11,156,1024,1996,5.7,14.2,226
Charles Oakley,211,448,7,26,175,210,460,137,58,14,104,604,1996,5.6,15.1,195
Anthony Mason,449,798,0,0,298,414,764,363,69,34,211,1196,1996,11.3,15.8,246
Derek Harper,436,939,121,325,156,206,202,352,131,5,178,1149,1996,6.3,13.9,201
Gary Grant,88,181,8,24,48,58,52,69,39,3,45,232,1996,1.4,13.5,91
Patrick Ewing*,678,1456,4,28,351,461,806,160,68,184,221,1711,1996,6.8,20.9,247
Hubert Davis,275,566,127,267,112,129,123,103,31,8,63,789,1996,5.6,14.8,120
David Vaughn,27,80,0,1,10,18,80,8,6,15,18,64,1996,-0.1,6,68
Jeff Turner,18,51,9,27,2,2,28,6,2,1,11,47,1996,-0.1,3.6,33
Brooks Thompson,48,103,25,64,19,27,24,31,12,0,24,140,1996,0.6,16.9,35
Brian Shaw,182,486,41,144,91,114,224,336,58,11,173,496,1996,0.6,10.2,160
Dennis Scott,491,1117,267,628,182,222,309,243,90,29,122,1431,1996,8.8,16.1,169
Donald Royal,106,216,0,2,125,164,153,42,29,15,52,337,1996,2.3,12.7,97
Shaquille O'Neal,592,1033,1,2,249,511,596,155,34,115,155,1434,1996,6.9,26.4,193
Jon Koncak,84,175,3,9,32,57,272,51,27,44,41,203,1996,2,7.1,226
Anfernee Hardaway,623,1215,89,283,445,580,354,582,166,41,229,1780,1996,14.4,24.6,160
Horace Grant,347,677,1,6,152,207,580,170,62,74,64,847,1996,8,17.9,144
Anthony Bowie,128,272,12,31,40,46,123,105,34,10,55,308,1996,1.6,10.4,112
Anthony Bonner,5,15,0,0,3,7,19,4,3,0,3,13,1996,0,11.3,11
Darrell Armstrong,16,32,6,12,4,4,2,5,6,0,6,42,1996,0.1,32.4,4
Nick Anderson,400,904,168,430,166,240,415,279,121,46,141,1134,1996,7.4,16.5,135
Trevor Wilson,10,20,0,0,3,4,14,4,3,0,1,23,1996,0.2,13.2,9
Scott Williams,15,29,0,2,10,12,46,5,6,7,8,40,1996,0.3,10.5,27
Clarence Weatherspoon,491,1015,0,2,318,426,753,158,112,108,179,1300,1996,5.8,17.1,214
LaSalle Thompson,33,83,0,0,19,24,199,26,19,20,37,85,1996,0.2,6.2,125
Jerry Stackhouse,452,1091,93,292,387,518,265,278,76,79,252,1384,1996,1.2,14.8,179
Scott Skiles,20,57,15,34,8,10,16,38,7,0,16,63,1996,0.1,9,21
Trevor Ruffin,263,648,104,284,148,182,132,269,43,2,149,778,1996,1.2,14.8,132
Vernon Maxwell,410,1052,146,460,251,332,229,330,96,12,215,1217,1996,0.9,13.9,182
Sean Higgins,134,323,48,129,35,37,92,55,24,11,49,351,1996,0.3,10.4,90
Richard Dumas,95,203,2,9,49,70,99,44,42,6,49,241,1996,0.3,11.3,79
Derrick Coleman,48,118,7,21,20,32,72,31,4,10,28,123,1996,-0.2,12,30
Mike Brown,9,16,0,0,8,17,37,3,3,2,6,26,1996,0.1,7.3,24
Elmer Bennett,4,17,0,0,3,4,5,8,1,1,7,11,1996,-0.3,-0.5,6
Derrick Alston,198,387,1,3,55,112,302,61,56,52,59,452,1996,1.7,11.8,191
Hot Rod Williams,180,397,0,1,95,130,372,62,46,90,62,455,1996,2.8,12.4,170
Wayman Tisdale,279,564,0,0,114,149,214,58,15,36,63,672,1996,2,16.4,188
Stefano Rusconi,3,9,0,0,2,5,6,3,0,2,3,8,1996,-0.1,2.4,10
Wesley Person,390,877,117,313,148,192,321,138,55,22,89,1045,1996,4,12.6,148
Elliot Perry,261,549,24,59,151,194,136,353,87,5,146,697,1996,3.1,16.2,140
Danny Manning,178,388,3,14,82,109,143,65,38,24,77,441,1996,0.4,14.7,121
Joe Kleine,71,169,2,7,20,25,132,44,13,6,37,164,1996,0.1,6.8,113
Kevin Johnson,342,674,21,57,342,398,221,517,82,13,170,1047,1996,8.2,22.8,144
A.C. Green,215,444,14,52,168,237,554,72,45,23,79,612,1996,4.4,12.9,141
Michael Finley,465,976,61,186,242,323,374,289,85,31,133,1233,1996,6.3,14,199
John Coker,4,5,0,0,0,0,2,1,0,1,0,8,1996,0.1,37.3,1
Chris Carr,90,217,11,42,49,60,102,43,10,5,40,240,1996,0.3,10.5,77
Mario Bennett,29,64,0,1,27,42,49,6,11,11,11,85,1996,0.5,13.3,46
Charles Barkley*,580,1160,49,175,440,566,821,262,114,56,218,1649,1996,10.5,24.8,208
Dontonio Wingfield,60,157,19,63,26,34,104,28,20,6,31,165,1996,0.9,11.1,73
Buck Williams,192,384,2,3,125,187,404,42,40,47,90,511,1996,3.9,12.3,187
Gary Trent,220,429,0,9,78,141,238,50,25,11,92,518,1996,1.7,12.4,116
Rod Strickland,471,1023,38,111,276,423,297,640,97,16,255,1256,1996,7.1,19.1,135
Arvydas Sabonis*,394,723,39,104,231,305,588,130,64,78,154,1058,1996,8.4,24.7,211
Rumeal Robinson,92,221,30,79,33,51,78,142,26,5,72,247,1996,1,11.8,79
James Robinson,229,574,102,284,89,135,157,150,34,16,111,649,1996,2.3,10.6,146
Clifford Robinson,553,1306,178,471,360,542,443,190,86,68,194,1644,1996,8,16.3,248
Aaron McKie,337,722,38,117,152,199,304,205,92,21,135,864,1996,5.3,13.4,205
Harvey Grant,314,679,21,67,60,110,361,111,60,43,82,709,1996,4,10.4,173
Chris Dudley,162,358,0,1,80,157,720,37,41,100,79,404,1996,4.7,12.2,251
Anthony Cook,7,16,0,2,1,4,12,2,0,1,1,15,1996,0.1,7.6,8
Randolph Childress,25,79,13,47,22,27,19,32,8,1,28,85,1996,0,6.7,22
Corliss Williamson,125,268,0,3,47,84,114,23,11,9,76,297,1996,-0.8,8.5,115
Michael Smith,144,238,1,1,68,177,389,110,47,46,72,357,1996,3.1,14.2,166
Lionel Simmons,86,217,19,51,55,75,145,83,31,20,51,246,1996,1.1,11.6,85
Mitch Richmond*,611,1368,225,515,425,491,269,255,125,19,220,1872,1996,9.3,19.2,233
Olden Polynice,431,818,1,3,122,203,764,58,52,66,127,985,1996,5.3,15.8,250
Clint McDaniel,8,23,2,6,12,16,10,7,5,0,2,30,1996,0.2,15.6,10
Sarunas Marciulionis*,176,389,64,157,155,200,77,118,52,4,96,571,1996,2.6,16.7,112
Bobby Hurley,65,230,22,76,68,85,75,216,28,3,86,220,1996,-0.3,6.5,121
Byron Houston,32,64,1,3,21,26,84,7,13,7,17,86,1996,0.7,13.1,59
Brian Grant,427,842,4,17,262,358,545,127,40,103,185,1120,1996,4.7,15.8,269
Tyus Edney,305,740,53,144,197,252,201,491,89,3,192,860,1996,3.3,12.7,203
Duane Causwell,90,216,0,1,70,96,248,20,27,78,53,250,1996,1.3,9.9,173
David Robinson*,711,1378,3,9,626,823,1000,247,111,271,190,2051,1996,18.3,29.4,262
Doc Rivers,108,290,47,137,48,64,138,123,73,21,57,311,1996,2.2,9.6,175
Chuck Person,308,705,190,463,67,104,413,100,49,26,91,873,1996,5.5,13.6,197
Will Perdue,173,331,0,1,67,125,485,33,28,75,86,413,1996,3.4,13.7,183
Avery Johnson,438,887,6,31,189,262,206,789,119,21,195,1071,1996,9.1,16.3,179
Carl Herrera,40,97,0,1,5,17,81,16,9,8,29,85,1996,-0.2,4.7,61
Sean Elliott,525,1127,161,392,326,423,396,211,69,33,198,1537,1996,7.7,16.3,178
Dell Demps,19,33,1,2,14,17,9,8,3,1,12,53,1996,0.2,17.1,10
Vinny Del Negro,478,962,57,150,178,214,272,315,85,6,100,1191,1996,8.3,15.6,166
Greg Anderson,24,47,0,1,6,25,100,10,9,24,22,54,1996,0.4,7.7,66
Cory Alexander,63,155,26,66,16,25,42,121,27,2,68,168,1996,0.2,8.7,94
David Wingate,88,212,15,34,32,41,56,58,20,4,42,223,1996,0.6,8.1,66
Eric Snow,42,100,2,10,29,49,43,73,28,0,38,115,1996,0.5,10.7,53
Detlef Schrempf,360,740,73,179,287,370,328,276,56,8,146,1080,1996,8.2,17.3,179
Steve Scheffler,24,45,1,5,9,19,33,2,6,2,8,58,1996,0.4,10.3,25
Sam Perkins,325,797,129,363,191,241,367,120,83,48,82,970,1996,6.9,15.4,174
Gary Payton*,618,1276,98,299,229,306,339,608,231,19,260,1563,1996,11.5,19.6,221
Nate McMillan,100,238,46,121,29,41,210,197,95,18,75,275,1996,3.7,12.9,143
Shawn Kemp,526,937,5,12,493,664,904,173,93,127,315,1550,1996,11.2,22.6,299
Ervin Johnson,180,352,1,3,85,127,433,48,40,129,98,446,1996,3.9,13.1,245
Hersey Hawkins,443,936,146,380,249,285,297,218,149,14,164,1281,1996,9.5,16.1,172
Sherell Ford,30,80,4,25,26,34,24,5,8,1,6,90,1996,0.4,16.4,27
Frank Brickowski,123,252,32,79,61,86,151,58,26,8,78,339,1996,1.6,8.6,185
Vincent Askew,215,436,29,86,123,161,218,163,47,15,96,582,1996,4.3,11.9,178
Dwayne Whitfield,13,30,0,0,14,22,25,2,3,2,8,40,1996,0,9.3,14
Zan Tabak,225,414,0,1,64,114,320,62,24,31,101,514,1996,1.1,12.4,204
Damon Stoudamire,481,1129,133,337,236,296,281,653,98,19,267,1331,1996,4.3,16.7,166
Carlos Rogers,178,344,3,21,71,130,170,35,25,48,61,430,1996,0.9,13.9,87
Alvin Robertson,285,607,41,151,107,158,342,323,166,36,183,718,1996,2.8,12.7,268
Dan O'Sullivan,13,35,0,1,7,8,32,2,2,4,5,33,1996,0,8.4,13
Tracy Murray,496,1092,151,358,182,219,352,131,87,40,132,1325,1996,4.9,16.8,208
Oliver Miller,418,795,0,11,146,221,562,219,108,143,202,982,1996,3.8,16.2,277
Martin Lewis,29,60,2,7,15,25,29,3,8,3,14,75,1996,0,11.2,21
Jimmy King,110,255,5,34,54,77,110,88,21,13,60,279,1996,0,9.9,76
Vincenzo Esposito,36,100,13,56,31,39,16,23,7,0,39,116,1996,-0.6,5.2,27
Acie Earl,117,276,0,3,82,114,129,27,18,37,49,316,1996,0.3,14.1,73
Jamie Watson,18,43,3,7,9,13,27,24,8,2,17,48,1996,0.1,6.9,30
Andy Toolson,8,22,3,12,3,4,6,1,0,0,2,22,1996,0,4.4,12
John Stockton*,440,818,95,225,234,282,226,916,140,15,246,1209,1996,13,21.9,207
Felton Spencer,146,281,0,0,104,151,306,11,20,54,77,396,1996,2.4,10.4,240
Bryon Russell,56,142,14,40,48,67,90,29,29,8,36,174,1996,0.8,10,66
Greg Ostertag,86,182,0,0,36,54,175,5,5,63,25,208,1996,1.4,13.2,91
Chris Morris,265,606,63,197,98,127,229,77,63,20,71,691,1996,3.3,15.8,140
Karl Malone*,789,1520,16,40,512,708,804,345,138,56,199,2106,1996,15.1,26,245
Adam Keefe,180,346,0,4,139,201,455,64,51,41,88,499,1996,4.6,13.8,174
Jeff Hornacek,442,880,104,223,259,290,209,340,106,20,127,1247,1996,10.2,19.1,171
Greg Foster,107,244,1,8,61,72,178,25,7,22,58,276,1996,0.6,9,120
Howard Eisley,104,242,14,62,65,77,78,146,29,3,77,287,1996,1,9.3,130
Antoine Carr,233,510,0,3,114,144,200,74,28,65,78,580,1996,2.1,10.6,254
David Benoit,255,581,64,192,87,112,383,82,43,49,71,661,1996,3.9,12.2,166
Gerald Wilkins,77,205,14,64,20,23,65,68,22,2,37,188,1996,-0.2,7.3,55
Byron Scott,271,676,74,221,203,243,192,123,63,22,100,819,1996,2.3,13,126
Bryant Reeves,401,877,0,3,219,299,570,109,43,55,157,1021,1996,2.3,13.4,226
Lawrence Moten,112,247,18,55,49,75,61,50,29,8,44,291,1996,0.6,15.7,54
Cuonzo Martin,3,5,3,3,0,2,2,2,1,0,1,9,1996,0.1,20.6,1
Rich Manning,49,113,0,1,9,14,55,7,3,6,17,107,1996,-0.2,7.6,37
Chris King,250,585,44,113,90,136,285,104,68,33,103,634,1996,1.1,10.8,163
Kenny Gattison,91,190,0,0,47,78,114,14,10,11,40,229,1996,0.1,10.7,75
Doug Edwards,32,91,0,4,29,38,87,39,10,18,29,93,1996,0.1,7.5,51
Blue Edwards,401,956,84,245,157,208,346,212,118,46,170,1043,1996,1.9,11.9,243
Anthony Avent,179,466,0,0,57,77,355,69,30,42,107,415,1996,-1.2,6.9,202
Greg Anthony,324,781,90,271,229,297,174,476,116,11,160,967,1996,4.8,18.6,137
Ashraf Amaya,121,252,0,1,97,149,303,33,22,10,57,339,1996,1.8,11.8,151
Chris Whitney,45,99,19,44,41,44,33,51,18,1,23,150,1996,1.3,17.1,46
Jeff Webster,8,23,2,6,0,0,7,3,4,0,3,18,1996,0,7,7
Chris Webber,150,276,15,34,41,69,114,75,27,9,49,356,1996,1.9,23.6,51
Rasheed Wallace,275,565,27,82,78,120,303,85,42,54,103,655,1996,2.3,11.8,206
Bob Thornton,1,6,0,0,1,2,12,0,1,0,1,3,1996,0,4.1,7
Kevin Pritchard,2,3,1,1,2,3,2,7,2,0,0,7,1996,0.2,25.6,3
Mark Price,18,60,10,30,10,10,7,18,6,0,10,56,1996,0,10.3,7
Brent Price,252,534,139,301,167,191,228,416,78,4,153,810,1996,7.4,17.5,184
Robert Pack,190,444,26,98,154,182,132,242,62,1,114,560,1996,2.7,19.3,68
Gheorghe Muresan,466,798,0,1,172,278,728,56,52,172,143,1104,1996,8,21,297
Jim McIlvaine,62,145,0,0,58,105,230,11,21,166,36,182,1996,1.8,9.7,171
Bob McCann,76,153,1,2,35,74,143,24,21,15,42,188,1996,0.6,9.1,116
Cedric Lewis,2,3,0,0,0,0,2,0,1,0,0,4,1996,0.1,62.7,0
Tim Legler,233,460,128,245,132,153,140,136,45,12,45,726,1996,6.8,15.9,141
Juwan Howard,733,1500,4,13,319,426,660,360,67,39,303,1789,1996,5.6,17,269
Ledell Eackles,161,377,54,128,98,118,148,86,28,3,57,474,1996,2.4,12.5,84
Calbert Cheaney,426,905,52,154,151,214,239,154,67,18,129,1055,1996,3.2,13,205
Mitchell Butler,88,229,13,60,48,83,118,67,41,12,67,237,1996,-0.2,7.4,104
